Order,dt,LinfPres,LinfVelo,L2Pres,L2Velo,H1Pres,HDivVelo
1,2.454369260617026,0.4138522923872399,0.08444920897191092,1.3039655598227602,3.8229081219510044,1.3039655598227602,3.8229081219510044
2,0.6135923151542565,0.20641077932707758,0.006188382107699785,0.6463320825694601,0.27747688508115115,1.443973568584006,0.27747688508115254
3,0.27270769562411395,0.039858354162157876,0.010659182696133378,0.12514846353312817,0.4825907235430327,0.28052676229255225,0.482590723543035
4,0.15339807878856412,0.01261098402374072,0.011334681539800252,0.039554510306068054,0.5129876309698356,0.08846864358798567,0.5129876309698356
