CFL,H1Pres,HDivVelo,L2Pres,L2Velo,LinfPres,LinfVelo,Order,dt
15,0.5881686088583052,1.0092345267051466,0.5881686088583052,1.0092345267051435,0.1871740835591617,0.02235557873073192,1,0.7363107781851077
15,0.14551217494576532,0.12202153424118373,0.06523972715083581,0.12202153360414007,0.020866330824576458,0.002699727343901368,2,0.18407769454627693
15,0.11751793504540335,0.07342073945541891,0.05251174490146786,0.07342073944604072,0.016716143799581633,0.0016225903185305077,3,0.0818123086872342
15,0.12708714699397758,0.015294485619630918,0.05683505472209968,0.015294485619630701,0.018091372877281763,0.0003380444538107659,4,0.04601942363656923
