Order,dt,LinfPres,LinfVelo,L2Pres,L2Velo,H1Pres,HDivVelo
1,0.04908738521234052,1.7021581752781265e-05,6.562150449964863e-07,2.1309980734491426e-05,2.9380636439670727e-05,2.1309980734491426e-05,2.9380636439670727e-05
2,0.01227184630308513,0.009178201284636275,0.013119133437419111,0.02874225708535404,0.593228244677395,0.06411832541945352,0.593228244677395
3,0.00545415391248228,0.009129497541030089,0.013191638494888285,0.02868098209351068,0.5969853894036923,0.06416552657759324,0.5969853894036942
4,0.0030679615757712823,0.009209159801690334,0.013281984878877929,0.02893145186676013,0.6010740361611709,0.06469273450142415,0.6010740361611709
