CFL,H1Pres,HDivVelo,L2Pres,L2Velo,LinfPres,LinfVelo,Order,dt
1,0.026037990973751906,0.6009974571296234,0.026037990973751906,0.6009974571296216,0.008248815364318636,0.013274946917467355,1,0.04908738521234052
1,0.12686998760089838,0.008036432505631172,0.0568148741064891,0.00803642283303606,0.018142560595270488,0.00017775658418694648,2,0.01227184630308513
1,0.12783220958862565,0.0042786560324987255,0.05713898869554405,0.004278655871576495,0.018188015642103244,9.456185612324343e-05,3,0.00545415391248228
1,0.12863123206725713,0.00018932105133471523,0.0575255992838608,0.00018932105131739887,0.018310951588503092,4.183046581028582e-06,4,0.0030679615757712823
