Order,dt,LinfPres,LinfVelo,L2Pres,L2Velo,H1Pres,HDivVelo
1,0.39269908169872414,0.050684979565360055,0.004836213681781565,0.1586008673544808,0.21727118008417323,0.1586008673544808,0.21727118008417323
2,0.09817477042468103,0.008968329228038498,0.01127071445329595,0.028081703049010545,0.5096556782781502,0.062305849877750896,0.5096556782781488
3,0.04363323129985824,0.010022114942383583,0.013181067280206534,0.03148428907904488,0.5965107478259613,0.0704378821685033,0.5965107478259571
4,0.02454369260617026,0.00942827691313454,0.013116676037628772,0.029619660933456696,0.5935939014559446,0.06623163374660317,0.5935939014559446
