Order,dt,LinfPres,LinfVelo,L2Pres,L2Velo,H1Pres,HDivVelo
1,0.9817477042468103,0.22407129471272408,0.04619296027809187,0.7044196360738769,2.0884864935389724,0.7044196360738769,2.0884864935389724
2,0.2454369260617026,0.018345382143461656,0.008135118667275409,0.05740978430355618,0.3679273884096764,0.1282019191255111,0.36792738840967715
3,0.1090830782496456,0.009014954339327103,0.011015338309093814,0.0283103442619922,0.4985110928133789,0.06333792776425393,0.49851109281338174
4,0.06135923151542565,0.009027402432610923,0.012168042124532624,0.028359180392837954,0.550667918239484,0.06341313287261326,0.550667918239484
