CFL,Order,dt,LinfPres,LinfVelo,L2Pres,L2Velo,H1Pres,HDivVelo
2,1,0.09817477042468103,0.05516385584336364,0.005276929269591442,0.09532469501850566,0.0746099840788171,0.09532469501850566,0.0746099840788171
2,2,0.02454369260617026,0.110523581194541,0.004617028090597139,0.18400034279068525,0.16235812516226403,0.35547475663645756,0.1623581251622644
2,3,0.01090830782496456,0.08915464482447709,0.004728846946237238,0.14231790039715572,0.16626855756278708,0.2879453668652528,0.1662685575627866
2,4,0.006135923151542565,0.09373963608272333,0.004797478816478404,0.15460934443463997,0.16875891859773398,0.29864974791802623,0.16875891859773395
