Order,dt,LinfPres,LinfVelo,L2Pres,L2Velo,H1Pres,HDivVelo
1,0.4908738521234052,0.06861722245993035,0.009468235534901613,0.2147968941411442,0.4266893898743864,0.2147968941411442,0.4266893898743864
2,0.1227184630308513,0.009170690066712523,0.010699916494726985,0.028703479576627992,0.48385068630826134,0.063692234434482,0.48385068630825956
3,0.0545415391248228,0.00907937265825818,0.012339650505741895,0.028522315572595266,0.5584337703266442,0.0638114112106253,0.558433770326644
4,0.030679615757712823,0.009341498497483194,0.012954783707625487,0.029346940121734104,0.5862679725242849,0.06562181201257997,0.5862679725242849
