CFL,Order,dt,LinfPres,LinfVelo,L2Pres,L2Velo,H1Pres,HDivVelo
15,1,0.7363107781851077,0.3841674434493039,0.05377002779775023,0.9309966174022981,2.0664974376692657,0.9309966174022981,2.0664974376692657
15,2,0.18407769454627693,0.1206716757934651,0.03727558752889878,0.2129649591605571,0.2945101373515635,0.5904081566507017,0.29451013735156206
15,3,0.0818123086872342,0.1604863329546376,0.020623052936012215,0.278387351350242,0.1621679867896313,0.5311425889048473,0.16216798678963107
