Order,dt,LinfPres,LinfVelo,L2Pres,L2Velo,H1Pres,HDivVelo
1,0.19634954084936207,0.0011429650046135501,1.6934387740731813e-05,0.0036110412794655732,0.0006374900777671496,0.0036110412794655732,0.0006374900777671496
2,0.04908738521234052,0.00914237631855259,0.012477955975471315,0.028630581577927788,0.5642369326559639,0.06356473838202652,0.5642369326559624
3,0.02181661564992912,0.00946943139122907,0.013189124873174295,0.029748595254455196,0.5968724831528969,0.06655448549045379,0.5968724831528921
4,0.01227184630308513,0.009163666943110372,0.013119213944051463,0.028788495139969207,0.5937080937176576,0.0643730855558718,0.5937080937176576
