CFL,H1Pres,HDivVelo,L2Pres,L2Velo,LinfPres,LinfVelo,Order,dt
10,0.22553634247884713,1.0277203444872107,0.22553634247884713,1.0277203444872103,0.07202624376276336,0.02274406992651446,1,0.4908738521234052
10,0.11414220764376214,0.11742404396161805,0.051212104509277045,0.11742404329963088,0.016358350805148057,0.002597165630020314,2,0.1227184630308513
10,0.12155667209941026,0.04283526387602083,0.05431928298742081,0.04283526385994643,0.017290825115294138,0.0009466337695102529,3,0.0545415391248228
10,0.12612513787152935,0.014997594788734926,0.05640483286311067,0.014997594788734706,0.0179542856006928,0.00033143305649013105,4,0.030679615757712823
