CFL,H1Pres,HDivVelo,L2Pres,L2Velo,LinfPres,LinfVelo,Order,dt
20,0.7084503651903584,1.4874510795600213,0.7084503651903584,1.4874510795600253,0.22534864256210302,0.032917124133761994,1,0.9817477042468103
20,0.16749724503775879,0.23335063557317678,0.07498651496593507,0.233350635240058,0.023968730836282363,0.0051620360500214645,2,0.2454369260617026
20,0.11512567496143264,0.10276281129913321,0.05144125725627219,0.10276281129243262,0.016377803329593883,0.0022710762746604267,3,0.1090830782496456
20,0.1203156059756178,0.050601889668469444,0.053806727994048155,0.05060188966846938,0.017127602313865217,0.001118268328778529,4,0.06135923151542565
