Order,dt,LinfPres,LinfVelo,L2Pres,L2Velo,H1Pres,HDivVelo
1,0.004908738521234052,1.4305443600704333e-10,1.2822183072085713e-06,4.510448455049251e-10,5.804991252870091e-05,4.510448455049251e-10,5.804991252870091e-05
2,0.001227184630308513,0.009189322974143838,0.01328201821170358,0.028776981435927603,0.6005932660824449,0.06428992818622807,0.6005932660824492
3,0.000545415391248228,0.009157193614038567,0.013278415855840624,0.0287680046689011,0.6009124367422864,0.0643602094366261,0.600912436742293
4,0.00030679615757712823,0.009157742497238566,0.013282037367692047,0.02876992153661034,0.6010763963438557,0.0643315410105434,0.6010763963438557
